{"cameraMode":{"drawMode":0,"name":"Shaded","section":"Shading Mode"},"sceneLighting":false,"audioPlay":false,"sceneViewState":{"showFog":true,"showMaterialUpdate":true,"showSkybox":false,"showFlares":true,"showImageEffects":true,"showParticleSystems":true},"in2DMode":false,"pivot":{"x":-0.15414506196975709,"y":0.6787052154541016,"z":0.06250715255737305},"rotation":{"x":0.11104703694581986,"y":-0.8297246098518372,"z":0.17815102636814118,"w":0.5171927213668823},"size":0.9249154329299927,"orthographic":true}