{"cameraMode":{"drawMode":0,"name":"Shaded","section":"Shading Mode"},"sceneLighting":false,"audioPlay":false,"sceneViewState":{"showFog":true,"showMaterialUpdate":true,"showSkybox":false,"showFlares":true,"showImageEffects":true,"showParticleSystems":true},"in2DMode":false,"pivot":{"x":2.384185791015625e-7,"y":0.6814862489700317,"z":0.10033762454986572},"rotation":{"x":0.11906228959560394,"y":-0.831459105014801,"z":0.19555950164794923,"w":0.5062299370765686},"size":1.9133094549179078,"orthographic":true}