{"cameraMode":{"drawMode":0,"name":"Shaded","section":"Shading Mode"},"sceneLighting":false,"audioPlay":false,"sceneViewState":{"showFog":true,"showMaterialUpdate":true,"showSkybox":false,"showFlares":true,"showImageEffects":true,"showParticleSystems":true},"in2DMode":false,"pivot":{"x":0.06501173973083496,"y":0.6124018430709839,"z":-0.002577453851699829},"rotation":{"x":0.2896972596645355,"y":-0.22135069966316224,"z":0.06908397376537323,"w":0.9286361336708069},"size":1.3582731485366822,"orthographic":true}