{"cameraMode":{"drawMode":0,"name":"Shaded","section":"Shading Mode"},"sceneLighting":false,"audioPlay":false,"sceneViewState":{"showFog":true,"showMaterialUpdate":true,"showSkybox":false,"showFlares":true,"showImageEffects":true,"showParticleSystems":true},"in2DMode":false,"pivot":{"x":0.003409773111343384,"y":0.4132477641105652,"z":0.0323261022567749},"rotation":{"x":0.2877127528190613,"y":0.5938236117362976,"z":-0.23994311690330506,"w":0.7120640873908997},"size":1.702979564666748,"orthographic":true}