{"cameraMode":{"drawMode":0,"name":"Shaded","section":"Shading Mode"},"sceneLighting":false,"audioPlay":false,"sceneViewState":{"showFog":true,"showMaterialUpdate":true,"showSkybox":false,"showFlares":true,"showImageEffects":true,"showParticleSystems":true},"in2DMode":false,"pivot":{"x":0.0033004283905029299,"y":0.002692282199859619,"z":0.001373589038848877},"rotation":{"x":0.2706473767757416,"y":-0.35963186621665957,"z":0.10982728004455567,"w":0.8862156867980957},"size":1.5517849922180176,"orthographic":true}