{"cameraMode":{"drawMode":0,"name":"Shaded","section":"Shading Mode"},"sceneLighting":false,"audioPlay":false,"sceneViewState":{"showFog":true,"showMaterialUpdate":true,"showSkybox":false,"showFlares":true,"showImageEffects":true,"showParticleSystems":true},"in2DMode":false,"pivot":{"x":-0.05648115277290344,"y":0.5402098298072815,"z":1.7881393432617188e-7},"rotation":{"x":0.2896972596645355,"y":-0.22135069966316224,"z":0.06908397376537323,"w":0.9286361336708069},"size":1.2022596597671509,"orthographic":true}