{"cameraMode":{"drawMode":0,"name":"Shaded","section":"Shading Mode"},"sceneLighting":false,"audioPlay":false,"sceneViewState":{"showFog":true,"showMaterialUpdate":true,"showSkybox":false,"showFlares":true,"showImageEffects":true,"showParticleSystems":true},"in2DMode":false,"pivot":{"x":-0.0023397207260131838,"y":0.18174603581428529,"z":0.06020708382129669},"rotation":{"x":-0.23007619380950929,"y":0.3178804814815521,"z":-0.0798291340470314,"w":-0.9163529276847839},"size":0.46652987599372866,"orthographic":true}