{"cameraMode":{"drawMode":0,"name":"Shaded","section":"Shading Mode"},"sceneLighting":false,"audioPlay":false,"sceneViewState":{"showFog":true,"showMaterialUpdate":true,"showSkybox":false,"showFlares":true,"showImageEffects":true,"showParticleSystems":true},"in2DMode":false,"pivot":{"x":0.003409773111343384,"y":0.4132477641105652,"z":0.0323261022567749},"rotation":{"x":0.056968946009874347,"y":-0.005389933940023184,"z":0.0003063877229578793,"w":0.998367190361023},"size":1.3665577173233033,"orthographic":true}