{"cameraMode":{"drawMode":0,"name":"Shaded","section":"Shading Mode"},"sceneLighting":false,"audioPlay":false,"sceneViewState":{"showFog":true,"showMaterialUpdate":true,"showSkybox":false,"showFlares":true,"showImageEffects":true,"showParticleSystems":true},"in2DMode":false,"pivot":{"x":0.09375452995300293,"y":0.8983240723609924,"z":0.09999167919158936},"rotation":{"x":-0.27748268842697146,"y":0.28467851877212527,"z":-0.08646991848945618,"w":-0.9135072231292725},"size":0.9949874877929688,"orthographic":true}