{"cameraMode":{"drawMode":0,"name":"Shaded","section":"Shading Mode"},"sceneLighting":false,"audioPlay":false,"sceneViewState":{"showFog":true,"showMaterialUpdate":true,"showSkybox":false,"showFlares":true,"showImageEffects":true,"showParticleSystems":true},"in2DMode":false,"pivot":{"x":0.046094417572021487,"y":-0.068377286195755,"z":-0.17687727510929109},"rotation":{"x":0.04931902140378952,"y":-0.7261126637458801,"z":0.052370648831129077,"w":0.6838022470474243},"size":1.5162791013717652,"orthographic":false}